15626644686	1790082648.1350624950	/home/funboy/models/MiMo-V2.6/mixed-gguf/MiMo-V2.6-Flash-RL-Mixed-Quant-GGUF/.cache/huggingface/download/MQ-IQ2-XXS-XS-Q8-MM-BF16/lSubZmsw4vMNbAdKflg52zL_qZc=.83bd3c37bff0541c5b9b76462a50ba112c506f80f8ab48a6d28e55830035ee3f.4dc980d3.incomplete
15430775182	1790082636.8036407950	/home/funboy/models/MiMo-V2.6/mixed-gguf/MiMo-V2.6-Flash-RL-Mixed-Quant-GGUF/.cache/huggingface/download/MQ-IQ2-XXS-XS-Q8-MM-BF16/0dGk9A9SrSbLP1I1GF7cY7wnysw=.388d09c34fc87f3ef990a19c670efbf3a542b28a0a8c619140a3a299321dae9d.ce08572f.incomplete
15289529189	1790082642.2108420240	/home/funboy/models/MiMo-V2.6/mixed-gguf/MiMo-V2.6-Flash-RL-Mixed-Quant-GGUF/.cache/huggingface/download/MQ-IQ2-XXS-XS-Q8-MM-BF16/ThLPliPx4GtL0C9fqGiUrUZzlPQ=.aafd233222b53d1e17bc4a1419d5dc6c58e8a1db352b0078e72425d9c296baef.8dff7c7e.incomplete
14432454465	1790082617.6089264650	/home/funboy/models/MiMo-V2.6/mixed-gguf/MiMo-V2.6-Flash-RL-Mixed-Quant-GGUF/.cache/huggingface/download/MQ-IQ2-XXS-XS-Q8-MM-BF16/cKgbP1-9YjbpKtgGtkGMMFZLw9g=.940833b0947024b26fe64149c54c78c489065fdcb84ec596ecd262425c0ff7f6.75f93806.incomplete
6243138804	1790083395.0858602020	/home/funboy/models/MiMo-V2.6/mixed-gguf/MiMo-V2.6-Flash-RL-Mixed-Quant-GGUF/.cache/huggingface/download/MQ-IQ2-XXS-XS-Q8-MM-BF16/0dGk9A9SrSbLP1I1GF7cY7wnysw=.388d09c34fc87f3ef990a19c670efbf3a542b28a0a8c619140a3a299321dae9d.cfc05d1a.incomplete
2078546422	1790083142.9554771910	/home/funboy/models/MiMo-V2.6/mixed-gguf/MiMo-V2.6-Flash-RL-Mixed-Quant-GGUF/.cache/huggingface/download/MQ-IQ2-XXS-XS-Q8-MM-BF16/ThLPliPx4GtL0C9fqGiUrUZzlPQ=.aafd233222b53d1e17bc4a1419d5dc6c58e8a1db352b0078e72425d9c296baef.8f71dba1.incomplete
1816715496	1790083136.5672394540	/home/funboy/models/MiMo-V2.6/mixed-gguf/MiMo-V2.6-Flash-RL-Mixed-Quant-GGUF/.cache/huggingface/download/MQ-IQ2-XXS-XS-Q8-MM-BF16/0dGk9A9SrSbLP1I1GF7cY7wnysw=.388d09c34fc87f3ef990a19c670efbf3a542b28a0a8c619140a3a299321dae9d.04adcbea.incomplete
1542470995	1790083139.4243457800	/home/funboy/models/MiMo-V2.6/mixed-gguf/MiMo-V2.6-Flash-RL-Mixed-Quant-GGUF/.cache/huggingface/download/MQ-IQ2-XXS-XS-Q8-MM-BF16/cKgbP1-9YjbpKtgGtkGMMFZLw9g=.940833b0947024b26fe64149c54c78c489065fdcb84ec596ecd262425c0ff7f6.1071a060.incomplete
1475537979	1790083041.0336841820	/home/funboy/models/MiMo-V2.6/mixed-gguf/MiMo-V2.6-Flash-RL-Mixed-Quant-GGUF/.cache/huggingface/download/MQ-IQ2-XXS-XS-Q8-MM-BF16/lSubZmsw4vMNbAdKflg52zL_qZc=.83bd3c37bff0541c5b9b76462a50ba112c506f80f8ab48a6d28e55830035ee3f.17c263ad.incomplete
1286439460	1790082555.5736178280	/home/funboy/models/MiMo-V2.6/mixed-gguf/MiMo-V2.6-Flash-RL-Mixed-Quant-GGUF/.cache/huggingface/download/MQ-IQ2-XXS-XS-Q8-MM-BF16/ZyxBs6f8uR9z7Pyzrfe3fjmOcZM=.7fd51cbab2e7a7c73b1d4dd2d7457dcf8175cb84db75ca8e96ff1750760b3709.8189a666.incomplete
